origin_country,region,museum,n_objects,is_unknown_origin
(Probably American),Unknown,NGA,74,False
(Southern?) France,Unknown,CMA,1,False
18Th Century,Unknown,CMA,1,False
19Th Century,Unknown,CMA,14,False
19Th Century (Forgery),Unknown,CMA,1,False
Adriatic,Unknown,MET,1,False
Aegean,Unknown,CMA,1,False
Afghanistan,Unknown,CMA,48,False
Afghanistan,Unknown,MET,127,False
Afghanistan Or Central Asia,Unknown,MET,1,False
Afghanistan Or Iran,Unknown,CMA,2,False
Afghanistan Or Iran,Unknown,MET,1,False
Afghanistan Or Italy,Unknown,MET,1,False
Afghanistan Or Northeastern Iran,Unknown,MET,2,False
Afghanistan Or Pakistan,Unknown,CMA,3,False
Afghanistan Or Turkmenistan,Unknown,MET,2,False
Africa,Unknown,CMA,484,False
Africa,Unknown,MET,1,False
Africa; West Africa; Mali,Unknown,CMA,1,False
Africa?,Unknown,CMA,1,False
After The Tairona Style,Unknown,CMA,1,False
Akimel O'Odham (Pima),Unknown,CMA,1,False
Alamania,Unknown,MET,8,False
Albania,Unknown,CMA,3,False
Albania,Unknown,MET,3,False
Albanian,Unknown,NGA,3,False
Alemannic,Unknown,CMA,7,False
Algeria,Unknown,CMA,7,False
Algeria,Unknown,MET,80,False
Algeria Or Morocco,Unknown,MET,5,False
Algeria Or Tunisia,Unknown,MET,1,False
"Algeria, Tunesia, Or Morocco",Unknown,MET,1,False
"Algeria, Tunisia, Or Morocco",Unknown,MET,1,False
Algeria?,Unknown,MET,1,False
Amazonia,Unknown,CMA,2,False
Ameirca,Unknown,CMA,2,False
America ?,Unknown,CMA,1,False
America And Canada,Unknown,CMA,1,False
America And England,Unknown,CMA,97,False
America Or Canada,Unknown,CMA,2,False
America Or England,Unknown,CMA,3,False
Americca,Unknown,CMA,1,False
Anatolia,Unknown,CMA,24,False
Anatolia Or Northern Mesopotamia,Unknown,CMA,2,False
Andes,Unknown,CMA,11,False
Anglo-Norman,Unknown,CMA,1,False
Anglo-Norman?,Unknown,CMA,1,False
Anglo-Saxon,Unknown,CMA,2,False
Angola,Unknown,MET,37,False
Angola Or Democratic Republic Of The Congo,Unknown,MET,6,False
Antonine-Era Roman Empire (Egypt),Unknown,CMA,1,False
Aotearoa (New Zealand),Unknown,MET,2,False
Arabia,Unknown,MET,14,False
Arabia Or North Africa,Unknown,MET,1,False
Arabian Peninsula,Unknown,MET,1,False
Arctic,Unknown,CMA,7,False
Arctic. Aleut (Attu),Unknown,CMA,2,False
Argentina,Unknown,CMA,67,False
Argentina,Unknown,MET,15,False
"Argentina, Peru, Or Bolivia",Unknown,MET,2,False
Argentine,Unknown,CMA,1,False
Argentinean,Unknown,NGA,55,False
Armenia,Unknown,MET,16,False
Armenia And Greece,Unknown,CMA,2,False
Armenia Or Greece,Unknown,CMA,1,False
Armenia Or Turkey,Unknown,MET,4,False
Armenian,Unknown,NGA,1,False
Asia,Unknown,CMA,3,False
Assyrian,Unknown,CMA,1,False
Austia,Unknown,MET,1,False
Australia,Unknown,CMA,4,False
Australia,Unknown,MET,87,False
Australia Or Papua New Guinea,Unknown,MET,1,False
Australian,Unknown,NGA,43,False
Austria,Unknown,CMA,365,False
Austria,Unknown,MET,122,False
Austria (? ) Or Bohemia (?),Unknown,CMA,3,False
Austria (?),Unknown,CMA,1,False
Austria (?) Or Germany,Unknown,CMA,1,False
Austria (Mounts),Unknown,MET,1,False
"Austria (Now Italy, Trentino-Alto Adige)",Unknown,MET,1,False
Austria (Possibly),Unknown,MET,1,False
Austria (Vienna),Unknown,CMA,1,False
Austria / Germany,Unknown,MET,1,False
Austria ?,Unknown,CMA,1,False
Austria ?,Unknown,MET,1,False
Austria Or Bulgaria,Unknown,CMA,1,False
Austria Or Germany,Unknown,MET,2,False
Austria Or South Germany,Unknown,CMA,1,False
Austria/Hungary,Unknown,CMA,1,False
Austria?,Unknown,MET,7,False
Austrian,Unknown,MET,1,False
Austrian,Unknown,NGA,759,False
Ayyubid Syria,Unknown,CMA,1,False
Azerbaijan,Unknown,CMA,2,False
Azerbaijan,Unknown,MET,25,False
"Azerbaijan, Armenia Or Georgia",Unknown,MET,3,False
Azerbaijan?,Unknown,MET,1,False
Bahamian,Unknown,NGA,1,False
Balkan,Unknown,CMA,1,False
Balkans,Unknown,CMA,15,False
Balkans ?,Unknown,CMA,2,False
Balkans Or Turkey,Unknown,MET,3,False
Balkans(?),Unknown,CMA,6,False
Bamum Style,Unknown,CMA,1,False
Bangladesh,Unknown,MET,9,False
Bavarian,Unknown,NGA,2,False
Belgian,Unknown,NGA,220,False
Belgium,Unknown,CMA,426,False
Belgium,Unknown,MET,39,False
Belgium,Unknown,NGA,1486,False
Belgium ?,Unknown,MET,1,False
Belgium Or France,Unknown,MET,1,False
Belgium/France,Unknown,CMA,1,False
Belgium?,Unknown,MET,5,False
Benin,Unknown,MET,5,False
Benin Or Gabon,Unknown,MET,1,False
Bermuda,Unknown,MET,2,False
Bhutan,Unknown,MET,2,False
Black Sea,Unknown,MET,3,False
Blade: Spain,Unknown,CMA,1,False
Bohemia,Unknown,CMA,81,False
Bohemia,Unknown,MET,4,False
Bohemia (?),Unknown,CMA,3,False
Bohemia (Hungary),Unknown,MET,1,False
Bohemia Or Silesia,Unknown,CMA,1,False
Bohemian,Unknown,NGA,289,False
Bolivia,Latin America & Caribbean,CMA,5,False
Bolivia,Latin America & Caribbean,MET,165,False
Bolivia (?),Unknown,MET,10,False
Bolivia Or Peru,Unknown,MET,11,False
"Bolivia, Chile, Or Peru",Unknown,MET,1,False
"Bolivia, Peru, Or Chile",Unknown,MET,31,False
Bolognese,Unknown,NGA,1,False
Borneo,Unknown,CMA,1,False
Borneo,Unknown,MET,29,False
Borneo Or China?,Unknown,MET,1,False
Bosnia,Unknown,MET,2,False
Bosnia (Former Yugoslavia),Unknown,MET,1,False
Bosnia - Herzegovina (Former Yugoslavia),Unknown,MET,1,False
Bosnia And Herzegovina (Former Yugoslavia),Unknown,MET,1,False
Bosnian,Unknown,NGA,1,False
Box: Switzerland; Miniature: France,Unknown,CMA,1,False
Brazil,Unknown,CMA,46,False
Brazil,Unknown,MET,42,False
Brazil,Unknown,NGA,33,False
Brazil (?),Unknown,MET,2,False
Brazil?,Unknown,MET,3,False
British India,Unknown,CMA,4,False
British Isles,Unknown,MET,1,False
Bruges?,Unknown,CMA,1,False
Brussels,Unknown,MET,1,False
Bulgaria,Unknown,CMA,10,False
Bulgaria,Unknown,MET,7,False
Bulgaria (Possibly),Unknown,MET,1,False
Bulgaria Or Romania,Unknown,MET,1,False
Bulgaria Or Switzerland,Unknown,MET,1,False
Bulgaria?,Unknown,MET,1,False
Bulgarian,Unknown,NGA,10,False
Burkina Faso,Unknown,CMA,1,False
Burkina Faso,Unknown,MET,92,False
Burkina Faso (?),Unknown,MET,1,False
Burkina Faso (Formerly Upper Volta),Unknown,MET,12,False
Burkina Faso Or Côte D'Ivoire,Unknown,MET,1,False
Burkina Faso Or Côte D'Ivoire Or Mali,Unknown,MET,2,False
Burkina Faso Or Ghana,Unknown,MET,1,False
Burma,Unknown,CMA,18,False
Burma,Unknown,MET,2,False
Burma (?),Unknown,CMA,5,False
Burma (Myanmar),Unknown,CMA,2,False
Burma?,Unknown,MET,1,False
Burudjird(?),Unknown,CMA,1,False
Byzantine,Unknown,CMA,6,False
Byzantine,Unknown,NGA,2,False
Byzantine (Dalmatian?),Unknown,CMA,1,False
Byzantine Egypt,Unknown,MET,1673,False
Byzantine Empire,Unknown,CMA,1,False
Byzantine Empire (Egypt),Unknown,CMA,4,False
Byzantinium,Unknown,CMA,2,False
Byzantium,Unknown,CMA,1023,False
Byzantium (Pendant); Germany,Unknown,CMA,1,False
Byzantium (Style Of),Unknown,CMA,3,False
Byzantium Or Spain,Unknown,MET,1,False
Byzantium. Russia,Unknown,CMA,1,False
Byzantium; Palestine,Unknown,CMA,1,False
California,Unknown,CMA,57,False
California (?),Unknown,CMA,1,False
California; Pomo (Eastern); Lake County,Unknown,CMA,1,False
Cambodia,Unknown,CMA,75,False
Cambodia,Unknown,MET,5,False
Cambodia Or Vietnam,Unknown,CMA,1,False
Cameroon,Unknown,CMA,1,False
Cameroon,Unknown,MET,233,False
Cameroon Or Nigeria,Unknown,MET,3,False
Cameroon?,Unknown,MET,1,False
Canaan,Unknown,MET,6,False
Canada,North America,CMA,86,False
Canada,North America,MET,397,False
Canada,North America,NGA,153,False
Canada Or United States,Unknown,MET,3,False
Canada: N.A.,Unknown,MET,7,False
Caribbean,Unknown,CMA,2,False
Carpathian Basin Region,Unknown,MET,4,False
Carved Coconut,Unknown,CMA,1,False
Caucasus,Unknown,CMA,3,False
Caucasus,Unknown,MET,1,False
Caucasus Or Northern Iran,Unknown,CMA,1,False
Causasus,Unknown,CMA,1,False
Central Africa,Unknown,CMA,32,False
Central African Republic,Unknown,MET,5,False
Central Andes,Unknown,CMA,32,False
Central Andes (Peru),Unknown,CMA,6,False
Central Asia,Unknown,CMA,14,False
Central Asia,Unknown,MET,4,False
Central Asia (Sogdiana) Or Tibet,Unknown,CMA,4,False
Central Asia Or Daidu,Unknown,CMA,1,False
Central Asia Or Iran,Unknown,MET,22,False
Central Asia Or Northern China,Unknown,CMA,1,False
Central China,Unknown,CMA,1,False
Central Europe,Unknown,CMA,4,False
Central Europe,Unknown,MET,4,False
Central France,Unknown,CMA,29,False
Central India,Unknown,CMA,31,False
Central India,Unknown,MET,2,False
Central India Or Rajasthan,Unknown,MET,5,False
Central India Or Sri Lanka,Unknown,MET,1,False
Central Italy,Unknown,CMA,1,False
Central Italy,Unknown,MET,9,False
Central Java,Unknown,CMA,2,False
Central Mexico,Unknown,CMA,30,False
Central Mexico,Unknown,MET,1,False
Central Mexico (Las Bocas,Unknown,CMA,1,False
Central Or Northern Iran,Unknown,MET,1,False
Central Or Southern India Or Sri Lanka,Unknown,MET,2,False
Central Or Southern Italian,Unknown,MET,1,False
Central Panama,Unknown,CMA,5,False
Central Thailand,Unknown,CMA,2,False
Central Tibet,Unknown,CMA,10,False
Central Turkey,Unknown,MET,1,False
Central Vietnam (Champa),Unknown,CMA,1,False
Ceylon,Unknown,CMA,19,False
Chad,Unknown,MET,2,False
Chad?,Unknown,MET,1,False
Chile,Unknown,CMA,3,False
Chile,Unknown,MET,25,False
Chilean,Unknown,NGA,26,False
China,Asia,CMA,2951,False
China,Asia,MET,939,False
China,Asia,NGA,259,False
China ?,Unknown,CMA,4,False
China And Tibet,Unknown,CMA,5,False
China Or Japan,Unknown,CMA,34,False
China Or Japan,Unknown,MET,1,False
China Or Korea,Unknown,CMA,2,False
China Or Korea,Unknown,MET,1,False
China Or Mongolia,Unknown,MET,1,False
China Or Present-Day Uzbekistan,Unknown,MET,3,False
China?,Unknown,MET,5,False
Chinese,Unknown,NGA,2,False
Chinese Export Porcelain,Unknown,CMA,19,False
Chitimacha/Choctaw,Unknown,NGA,1,False
Classical,Unknown,CMA,4,False
Clevevland School,Unknown,CMA,2,False
Coastal Ecuador,Unknown,MET,1,False
Coffret: France,Unknown,CMA,1,False
Colombia,Unknown,CMA,123,False
Colombia,Unknown,MET,334,False
Colombia (?),Unknown,MET,5,False
Colombia Or Costa Rica,Unknown,MET,1,False
Colombia Or Ecuador,Unknown,MET,24,False
Colombia Or Panama,Unknown,CMA,1,False
Colombia Or Panama,Unknown,MET,3,False
Colombia Or Venezuela,Unknown,MET,1,False
Colombia?,Unknown,MET,1,False
Colombian,Unknown,NGA,5,False
Congo,Unknown,MET,9,False
Congo (Chimpanzee,Unknown,CMA,1,False
Congo?,Unknown,MET,1,False
Constantinople,Unknown,MET,1,False
Continental,Unknown,CMA,10,False
Cook Islands,Unknown,MET,5,False
Costa Rica,Unknown,CMA,27,False
Costa Rica,Unknown,MET,201,False
Costa Rica (?),Unknown,MET,4,False
Costa Rica Or Nicaragua,Unknown,MET,1,False
Costa Rica Or Panama,Unknown,CMA,1,False
Costa Rica Or Panama,Unknown,MET,41,False
Costa Rica?,Unknown,MET,2,False
Cote D'Ivoire,Unknown,MET,2,False
Crete,Unknown,CMA,2,False
Crete ?,Unknown,MET,1,False
Croatia,Unknown,MET,4,False
Croatia (Former Yugoslavia),Unknown,MET,18,False
Croatian,Unknown,NGA,25,False
"Cross: Latin Kingdom Of Jerusalem
Panel: Rhine-Meuse Region",Unknown,CMA,1,False
Cuba,Unknown,CMA,13,False
Cuba,Unknown,MET,10,False
Cuban,Unknown,NGA,40,False
Cyprus,Unknown,CMA,28,False
Cyprus,Unknown,MET,4,False
Cyprus ?,Unknown,CMA,1,False
Czech,Unknown,CMA,32,False
Czech,Unknown,NGA,675,False
Czech Republic,Unknown,CMA,3,False
Czech Republic,Unknown,MET,79,False
Czech Republic (Bohemia),Unknown,MET,1,False
Czech Republic Or Slovakia,Unknown,MET,25,False
Czechoslovakia,Unknown,CMA,103,False
Czechoslovakia Or Germany?,Unknown,MET,1,False
Côte D'Ivoire,Unknown,MET,299,False
Côte D'Ivoire Or Burkina Faso,Unknown,MET,6,False
Côte D'Ivoire Or Ghana,Unknown,MET,6,False
Côte D'Ivoire Or Ghana (?),Unknown,MET,1,False
Côte D'Ivoire Or Liberia,Unknown,MET,15,False
Côte D'Ivoire Or Mali,Unknown,MET,2,False
Dagestan,Unknown,CMA,6,False
Dalmatia,Unknown,CMA,4,False
Dalmatian,Unknown,NGA,9,False
Danish,Unknown,NGA,114,False
Dem. Rep. Congo,Unknown,MET,1,False
Democratic Republic Of Congo,Unknown,MET,7,False
Democratic Republic Of Congo Or Cabinda (Angola),Unknown,CMA,1,False
Democratic Republic Of The Congo Or Angola,Unknown,MET,1,False
Democratic Republic Of The Congo Or Angola?,Unknown,MET,1,False
"Democratic Republic Of The Congo, Republic Of The Congo, Or Cabinda, Angola",Unknown,MET,1,False
Democratic Republic Of The Congo?,Unknown,MET,3,False
Democratic Republic Of Timor-Leste,Unknown,MET,4,False
Democratic Republic of the Congo,Sub-Saharan Africa,CMA,2,False
Democratic Republic of the Congo,Sub-Saharan Africa,MET,503,False
Denmark,Unknown,CMA,62,False
Denmark,Unknown,MET,3,False
Dominican Republic,Unknown,MET,42,False
Dominican Republic (?),Unknown,MET,3,False
Drc Or Republic Of The Congo,Unknown,MET,1,False
Early 20Th Century,Unknown,CMA,2,False
Early Byzantium,Unknown,CMA,6,False
Early Christian,Unknown,CMA,1,False
Early Islamic,Unknown,CMA,2,False
East Africa,Unknown,CMA,1,False
East China,Unknown,CMA,1,False
East Greek,Unknown,CMA,2,False
East India,Unknown,CMA,9,False
East-Central Europe,Unknown,MET,1,False
Ecuador,Unknown,CMA,2,False
Ecuador,Unknown,MET,163,False
Ecuador (?),Unknown,MET,2,False
Ecuador Or Colombia,Unknown,MET,2,False
Ecuador Or Peru,Unknown,MET,2,False
"Ecuador, Peru, Bolivia, Argentina, Or Chile",Unknown,MET,4,False
"Ecuador, Peru, Bolivia, Chile, Or Argentina",Unknown,MET,8,False
Egypt,Middle East & North Africa,CMA,1315,False
Egypt,Middle East & North Africa,MET,31344,False
Egypt,Middle East & North Africa,NGA,1,False
Egypt (British Repro),Unknown,MET,2,False
Egypt (Or Italy Or Turkey),Unknown,MET,1,False
Egypt ?,Unknown,CMA,7,False
Egypt And Spain; Egypt,Unknown,CMA,1,False
Egypt And Sudan,Unknown,MET,56,False
Egypt Or Iran,Unknown,CMA,1,False
Egypt Or Iran,Unknown,MET,1,False
Egypt Or Iraq,Unknown,MET,24,False
Egypt Or Italy,Unknown,MET,6,False
Egypt Or Levant,Unknown,MET,1,False
Egypt Or Palestine,Unknown,MET,2,False
Egypt Or Syria,Unknown,CMA,19,False
Egypt Or Syria,Unknown,MET,190,False
Egypt Or Syria (?),Unknown,MET,1,False
Egypt Or Syria(?),Unknown,CMA,3,False
Egypt Or Turkey,Unknown,MET,4,False
Egypt Possibly,Unknown,MET,42,False
Egypt Possibly (Modern),Unknown,MET,5,False
Egypt(?),Unknown,CMA,1,False
"Egypt, Bulgaria Or Turkey?",Unknown,MET,1,False
"Egypt, Iran Or Syria",Unknown,MET,1,False
"Egypt, Iraq Or Syria",Unknown,MET,1,False
Egypt?,Unknown,CMA,6,False
Egypt?,Unknown,MET,5,False
Egyptian,Unknown,NGA,1,False
El Salvador,Unknown,MET,2,False
El Salvador Or Guatemala,Unknown,MET,1,False
Empire Of Ethiopia,Unknown,CMA,1,False
Engalnd,Unknown,CMA,2,False
England (?),Unknown,CMA,10,False
England (Anglo-Dutch),Unknown,CMA,1,False
England (Derby),Unknown,CMA,1,False
England (Possibly),Unknown,MET,1,False
England (Probably),Unknown,CMA,1,False
England (Romano-British),Unknown,CMA,1,False
England ?,Unknown,CMA,2,False
England Or America,Unknown,CMA,9,False
England Or France,Unknown,CMA,3,False
England Or Germany,Unknown,CMA,3,False
England Or Germany,Unknown,MET,1,False
England Or Ireland,Unknown,CMA,1,False
"England Or Meaux, France",Unknown,MET,1,False
England Or Scandinavia,Unknown,MET,1,False
England(?),Unknown,CMA,6,False
"England, By French Woodworkers",Unknown,MET,5,False
England?,Unknown,MET,1,False
English,Unknown,NGA,87,False
Equatorial Africa,Unknown,CMA,6,False
Ethiopia,Unknown,MET,49,False
Ethiopia Or Sudan,Unknown,MET,1,False
Ethiopian,Unknown,NGA,2,False
Etruscan,Unknown,CMA,45,False
Etruscan,Unknown,NGA,1,False
Etruscan (Etrusco-Corinthian),Unknown,CMA,2,False
Etruscan Or Faliscan,Unknown,CMA,1,False
Europe,Unknown,CMA,49,False
Europe,Unknown,MET,3,False
Europe (Eastern?),Unknown,CMA,1,False
Europe (England,Unknown,CMA,2,False
European,Unknown,CMA,9,False
European,Unknown,MET,1,False
European,Unknown,NGA,21,False
European (German Or Swiss?),Unknown,CMA,1,False
European (Unassigned),Unknown,CMA,1,False
Fatimid Egypt,Unknown,CMA,1,False
Federated States Of Micronesia,Unknown,MET,4,False
Fiji,Unknown,MET,49,False
Finland,Unknown,CMA,18,False
Finland,Unknown,MET,8,False
Finnish,Unknown,NGA,8,False
Flanders,Unknown,CMA,890,False
Flanders,Unknown,MET,3,False
Flanders Or Italy,Unknown,CMA,2,False
Flemish,Unknown,MET,2,False
Flemish,Unknown,NGA,572,False
Flemish (?),Unknown,NGA,1,False
Florentine,Unknown,NGA,1,False
Former Yugoslavia,Unknown,MET,3,False
Former Yugoslavia(?),Unknown,MET,1,False
France,Europe,CMA,10617,False
France,Europe,MET,2101,False
France,Europe,NGA,24333,False
France (?),Unknown,CMA,3,False
France (?),Unknown,MET,9,False
France (Angers,Unknown,CMA,2,False
France (Blade: Germany?),Unknown,CMA,2,False
France (Cartoon),Unknown,MET,3,False
"France (Lid)/European (Lower Elements, Hardware)",Unknown,MET,1,False
France (Pas-De-Calais),Unknown,CMA,3,False
France (Probably),Unknown,MET,1,False
France ?,Unknown,CMA,2,False
France ? Or Switzerland ?,Unknown,CMA,3,False
France And Italy,Unknown,CMA,1,False
France And South Netherlands,Unknown,CMA,1,False
France Or Belgium,Unknown,CMA,1,False
France Or Belgium,Unknown,MET,2,False
France Or Cambodia,Unknown,CMA,1,False
France Or England,Unknown,CMA,1,False
France Or England,Unknown,MET,3,False
France Or Flanders,Unknown,CMA,9,False
France Or Germany,Unknown,MET,7,False
France Or India,Unknown,MET,1,False
France Or Italy,Unknown,CMA,15,False
France Or Italy,Unknown,MET,2,False
France Or Italy ?,Unknown,CMA,1,False
France Or Netherlands,Unknown,MET,7,False
France Or North Spain,Unknown,MET,2,False
France Or Southern Netherlands,Unknown,MET,1,False
France Or Spain,Unknown,CMA,6,False
France Or Spain,Unknown,MET,7,False
France Or Switzerland,Unknown,CMA,5,False
France Or Switzerland ?,Unknown,CMA,1,False
France Or Western Europe,Unknown,MET,1,False
France Or Western Germany,Unknown,MET,2,False
France(?),Unknown,CMA,19,False
France:N.,Unknown,MET,1,False
France?,Unknown,CMA,2,False
France?,Unknown,MET,37,False
France?/Usa?,Unknown,MET,1,False
Franco-Flemish,Unknown,CMA,4,False
Franco-Flemish,Unknown,NGA,4,False
Franco-Netherlandish,Unknown,CMA,1,False
Franco-Netherlands Or Paris,Unknown,CMA,1,False
Frankish,Unknown,CMA,20,False
Frankish(?),Unknown,CMA,1,False
French (?),Unknown,NGA,18,False
French Guiana,Unknown,MET,2,False
French Polynesia,Unknown,MET,8,False
Friesland,Unknown,MET,1,False
Gabon,Unknown,MET,72,False
Gabon Or Equatorial Guinea,Unknown,MET,1,False
Gabon Or Republic Of Congo,Unknown,MET,9,False
Gabon Or Republic Of The Congo,Unknown,MET,2,False
Gabon?,Unknown,MET,1,False
Gallo-Roman Or Romano-British,Unknown,CMA,13,False
Gaul,Unknown,MET,11,False
Gaul (France),Unknown,MET,1,False
Gemany,Unknown,MET,3,False
Georgia,Unknown,MET,3,False
"Georgia, Republic Of  [Azerbaijan, Armenia]",Unknown,MET,1,False
German (?),Unknown,NGA,2,False
German Or Netherlandish,Unknown,NGA,1,False
Germany,Europe,CMA,2877,False
Germany,Europe,MET,874,False
Germany,Europe,NGA,9534,False
Germany (?),Unknown,CMA,14,False
Germany (?),Unknown,MET,3,False
Germany (Jug) And England (Mounts),Unknown,CMA,1,False
Germany (Or Netherlands),Unknown,CMA,3,False
Germany (Present Day France),Unknown,MET,1,False
Germany (Present-Day France),Unknown,MET,1,False
Germany (Probably),Unknown,MET,1,False
Germany / France,Unknown,CMA,2,False
Germany ?,Unknown,CMA,6,False
Germany And England,Unknown,CMA,1,False
Germany And Spain,Unknown,CMA,1,False
Germany Or Austria,Unknown,CMA,3,False
Germany Or Austria,Unknown,MET,3,False
Germany Or Belgium,Unknown,MET,1,False
Germany Or England,Unknown,CMA,1,False
Germany Or England,Unknown,MET,1,False
Germany Or France,Unknown,CMA,3,False
Germany Or France,Unknown,MET,3,False
Germany Or France?,Unknown,MET,1,False
Germany Or Italy,Unknown,CMA,1,False
Germany Or Italy,Unknown,MET,3,False
Germany Or Italy?,Unknown,MET,1,False
Germany Or Moravia,Unknown,CMA,1,False
Germany Or Netherlands,Unknown,MET,2,False
Germany Or Northeastern France,Unknown,CMA,3,False
Germany Or Poland,Unknown,MET,1,False
Germany Or Russia,Unknown,CMA,1,False
Germany Or South Germany,Unknown,MET,1,False
Germany Or Switzerland,Unknown,CMA,3,False
Germany Or Switzerland,Unknown,MET,3,False
Germany Or The Netherlands,Unknown,CMA,1,False
Germany Or The Netherlands,Unknown,MET,2,False
Germany(?),Unknown,CMA,2,False
"Germany, France, Or Bohemia",Unknown,MET,1,False
Germany?,Unknown,CMA,2,False
Germany?,Unknown,MET,36,False
Ghana,Sub-Saharan Africa,CMA,1,False
Ghana,Sub-Saharan Africa,MET,150,False
Ghana (?),Unknown,MET,1,False
Ghana Or Nigeria,Unknown,MET,1,False
Ghana?,Unknown,MET,1,False
Ghanaian,Unknown,NGA,3,False
Gotland,Unknown,MET,1,False
Great Basin,Unknown,CMA,6,False
Great Britain,Unknown,CMA,7,False
Great Britian,Unknown,CMA,1,False
Greco-Roman,Unknown,CMA,1,False
Greece,Unknown,CMA,425,False
Greece,Unknown,MET,44,False
Greece,Unknown,NGA,31,False
Greece (?),Unknown,CMA,3,False
Greece Or Anatolia,Unknown,CMA,1,False
Greece Or Italy,Unknown,CMA,3,False
Greece Or The Balkans (Possibly),Unknown,MET,1,False
Greece Or Turkey,Unknown,CMA,1,False
Greece Or Turkey,Unknown,MET,2,False
Greece?,Unknown,MET,2,False
Greek,Unknown,NGA,4,False
Greek (Perhaps Black Sea Area),Unknown,CMA,1,False
Greek Or South Italian,Unknown,CMA,1,False
Greek/South Italian,Unknown,CMA,4,False
Greenland,Unknown,MET,4,False
Guatemala,Unknown,CMA,28,False
Guatemala,Unknown,MET,100,False
Guatemala Or Mexico,Unknown,CMA,1,False
Guatemala Or Mexico,Unknown,MET,19,False
Guatemala(?),Unknown,CMA,1,False
Guatemalan,Unknown,NGA,40,False
Guinea,Unknown,MET,16,False
Guinea Bissau,Unknown,MET,3,False
Guinea Or Mali Or Burkina Faso Or Côte D'Ivoire,Unknown,MET,3,False
Guyana,Unknown,MET,24,False
Haiti,Unknown,CMA,1,False
Haitian,Unknown,NGA,14,False
Haute Garonne.,Unknown,MET,1,False
Hephtalite,Unknown,CMA,3,False
Herzegovina (Former Yugoslavia),Unknown,MET,1,False
Hilt:  Italy (?); Blade:  Germany,Unknown,CMA,1,False
Hilt: England; Blade: Germany,Unknown,CMA,1,False
Hilt: Holland,Unknown,CMA,1,False
Hilt: Holland; Blade: Spain,Unknown,CMA,1,False
Hilt: Scotland; Blade: Germany,Unknown,CMA,1,False
Himalayas,Unknown,CMA,2,False
Himalyas,Unknown,CMA,1,False
Hispano-Flemish,Unknown,NGA,5,False
Hittite,Unknown,CMA,1,False
Holland,Unknown,MET,3,False
Holland (?),Unknown,CMA,1,False
Honduras,Unknown,CMA,6,False
Honduras,Unknown,MET,4,False
Hungarian,Unknown,CMA,2,False
Hungarian,Unknown,NGA,51,False
Hungary,Unknown,CMA,138,False
Hungary,Unknown,MET,29,False
Hungary (?),Unknown,CMA,1,False
Hungary / France,Unknown,CMA,2,False
Hungary Or Slovenia,Unknown,MET,1,False
Hunnish,Unknown,CMA,1,False
Ialty,Unknown,CMA,1,False
Iberian Peninsula,Unknown,MET,1,False
Iceland,Unknown,CMA,10,False
Icelandic,Unknown,NGA,1,False
India,Asia,CMA,1843,False
India,Asia,MET,1494,False
India,Asia,NGA,28,False
India (?),Unknown,CMA,7,False
India (?),Unknown,MET,1,False
India (Golconda Or Bidar),Unknown,MET,1,False
India (North),Unknown,MET,1,False
India - Rajputana Or Malwa,Unknown,CMA,1,False
India ? Iran ? Herat ?,Unknown,CMA,1,False
India And Italy,Unknown,MET,3,False
India Or China,Unknown,MET,1,False
India Or Deccan,Unknown,MET,1,False
India Or Iran,Unknown,MET,19,False
India Or Iran (Persia),Unknown,CMA,1,False
India Or Kashmir,Unknown,CMA,3,False
India Or Nepal,Unknown,MET,1,False
India Or Pakistan,Unknown,MET,8,False
India Or Persia,Unknown,CMA,1,False
India Or Present-Day Pakistan,Unknown,MET,2,False
India Or Sri Lanka,Unknown,MET,1,False
India Or Syria,Unknown,CMA,1,False
India Or Turkey,Unknown,MET,1,False
"India, Nepal Or Tibet",Unknown,MET,1,False
India?,Unknown,MET,6,False
Indiaal,Unknown,MET,2,False
Indian,Unknown,NGA,1,False
Indo-Chinese,Unknown,CMA,7,False
Indonesia,Unknown,CMA,73,False
Indonesia,Unknown,MET,1410,False
Indonesia Or Malaysia,Unknown,CMA,3,False
Indonesia Or Malaysia,Unknown,MET,1,False
Indonesia?,Unknown,MET,1,False
Indonesian,Unknown,NGA,8,False
Intermediate Region,Unknown,CMA,1,False
Iran,Middle East & North Africa,CMA,524,False
Iran,Middle East & North Africa,MET,6550,False
Iran,Middle East & North Africa,NGA,4,False
Iran (?),Unknown,CMA,2,False
Iran (Caucasian,Unknown,CMA,1,False
Iran (Modern Afghanistan),Unknown,MET,1,False
Iran (Persia),Unknown,MET,15,False
Iran (Persia) And Turkey,Unknown,MET,1,False
Iran ?,Unknown,CMA,9,False
Iran And Turkey,Unknown,MET,1,False
Iran Or Afghanistan,Unknown,CMA,1,False
Iran Or Afghanistan,Unknown,MET,5,False
Iran Or Azerbaijan,Unknown,MET,1,False
Iran Or Caucasus,Unknown,MET,1,False
Iran Or Central Asia,Unknown,CMA,5,False
Iran Or Central Asia,Unknown,MET,18,False
Iran Or Europe,Unknown,MET,1,False
Iran Or India,Unknown,MET,2,False
Iran Or India; Possibly Assembled Or Refurbished In Rome,Unknown,MET,1,False
Iran Or Iraq,Unknown,CMA,55,False
Iran Or Iraq,Unknown,MET,28,False
Iran Or Iraq ?,Unknown,CMA,2,False
Iran Or Italy,Unknown,MET,1,False
Iran Or Khurasan,Unknown,MET,1,False
Iran Or Northern India,Unknown,MET,1,False
Iran Or Northern Iraq,Unknown,MET,2,False
Iran Or Present-Day Afghanistan,Unknown,MET,3,False
Iran Or Present-Day Turkmenistan,Unknown,MET,1,False
Iran Or Present-Day Uzbekistan,Unknown,MET,7,False
Iran Or Syria,Unknown,MET,1,False
Iran Or Turkey,Unknown,MET,29,False
"Iran, Iraq, Or Egypt",Unknown,MET,1,False
"Iran, Northern Iraq, Or Northern Syria",Unknown,MET,1,False
"Iran, Syria Or Turkey",Unknown,MET,1,False
Iran?,Unknown,MET,4,False
Iranian,Unknown,NGA,12,False
Iraq,Unknown,CMA,23,False
Iraq,Unknown,MET,421,False
Iraq Or Iran,Unknown,CMA,17,False
Iraq Or Iran,Unknown,MET,1,False
Iraq Or Northern Jazira,Unknown,MET,2,False
Iraq Or Syria,Unknown,CMA,4,False
Iraq Or Syria,Unknown,MET,26,False
Iraq Or Turkey,Unknown,MET,1,False
Iraq Or Western Iran,Unknown,MET,2,False
"Iraq, Syria, Or Southeastern Turkey",Unknown,MET,1,False
Ireland,Unknown,CMA,94,False
Ireland,Unknown,MET,20,False
Ireland ?,Unknown,MET,1,False
Ireland And Israel,Unknown,CMA,1,False
Ireland Or United Kingdom,Unknown,MET,1,False
Irish,Unknown,NGA,53,False
Islamic,Unknown,CMA,1,False
Islamic Lands,Unknown,MET,18,False
Israel,Unknown,CMA,30,False
Israel,Unknown,MET,5,False
Israeli,Unknown,NGA,62,False
Israeli (?),Unknown,NGA,7,False
Isthmian Region,Unknown,CMA,1,False
Isthmian Region (Colombia),Unknown,CMA,6,False
Isthmian Region (Panama),Unknown,CMA,1,False
Italian (?),Unknown,NGA,8,False
Italian Or French,Unknown,CMA,1,False
Italian?,Unknown,MET,1,False
Italy,Europe,CMA,3399,False
Italy,Europe,MET,534,False
Italy,Europe,NGA,8752,False
Italy (?),Unknown,CMA,9,False
Italy (?),Unknown,MET,2,False
Italy (Chasuble Ground); Austria,Unknown,CMA,1,False
Italy (Chasuble) And Germany (Orphrey),Unknown,CMA,1,False
Italy (North),Unknown,MET,1,False
Italy ?,Unknown,CMA,9,False
Italy And United States,Unknown,MET,1,False
Italy Or Eastern Mediterranean,Unknown,CMA,1,False
Italy Or France,Unknown,CMA,4,False
Italy Or France,Unknown,MET,2,False
Italy Or France(?),Unknown,CMA,1,False
Italy Or Germany,Unknown,CMA,2,False
Italy Or Germany,Unknown,MET,2,False
Italy Or Germany?,Unknown,MET,2,False
Italy Or Present-Day Spain,Unknown,MET,1,False
Italy Or Sicily,Unknown,MET,2,False
Italy Or Spain,Unknown,CMA,23,False
Italy Or Spain ?,Unknown,CMA,3,False
Italy Or The Netherlands,Unknown,MET,3,False
Italy Or Turkey,Unknown,MET,1,False
Italy(?),Unknown,CMA,2,False
"Italy, Possibly Sicily",Unknown,MET,1,False
Italy?,Unknown,MET,22,False
Itay,Unknown,CMA,1,False
Itlay,Unknown,CMA,3,False
Ivory Coast,Unknown,MET,16,False
Ivory:  Ottonian,Unknown,CMA,1,False
Japan,Asia,CMA,4279,False
Japan,Asia,MET,244,False
Japan,Asia,NGA,485,False
Japan And China,Unknown,CMA,2,False
Japan Or China,Unknown,MET,1,False
Japan Or Korea,Unknown,MET,1,False
Japan?,Unknown,CMA,2,False
Japanese,Unknown,NGA,1,False
Japanese (?),Unknown,NGA,1,False
Java,Unknown,CMA,59,False
Java,Unknown,MET,1,False
Jazira (Or Iran?),Unknown,MET,1,False
Jordan,Unknown,MET,1,False
Kashmir,Unknown,CMA,2,False
Kenya,Unknown,MET,24,False
Kenya Or Tanzania,Unknown,MET,3,False
Kirghiztan,Unknown,MET,1,False
Korea,Asia,CMA,489,False
Korea,Asia,MET,36,False
Kosova,Unknown,MET,1,False
Kuwait,Unknown,MET,1,False
La Tène Ii,Unknown,MET,1,False
"Lake Van Region, Vaspurakan (Now Eastern Turkey)",Unknown,MET,1,False
Laos,Unknown,MET,1,False
Laos And Thailand,Unknown,MET,1,False
Late 19Th Century,Unknown,CMA,1,False
Late 19Th-Early 20Th Century,Unknown,CMA,1,False
Late Roman Empire,Unknown,CMA,1,False
Latin Kingdom Of Jerusalem,Unknown,CMA,1,False
Latvia,Unknown,CMA,2,False
Latvian,Unknown,NGA,4,False
Lebanon,Unknown,CMA,25,False
Lebanon,Unknown,MET,1,False
Lesotho,Unknown,MET,1,False
Liberia,Unknown,MET,51,False
Liberia Or Guinea,Unknown,MET,5,False
Liberia-Côte D'Ivoire (Ivory Coast) Border,Unknown,MET,1,False
Liberia?,Unknown,MET,2,False
Liechtenstein,Unknown,NGA,219,False
"Lisez Et Propagez Nos Annales: ""L'Immacul‚E""",Unknown,MET,1,False
Lithuanian,Unknown,NGA,12,False
Lombardic,Unknown,CMA,9,False
London,Unknown,CMA,8,False
Lower Austria,Unknown,MET,1,False
Luxembourg,Unknown,CMA,1,False
Macao,Unknown,CMA,1,False
Macedonia,Unknown,MET,1,False
Macedonia (Former Yugoslavia),Unknown,MET,5,False
Macedonia Or Albania,Unknown,CMA,1,False
Madagascar,Unknown,CMA,1,False
Madagascar,Unknown,MET,27,False
Madagascar?,Unknown,MET,2,False
Madeira,Unknown,CMA,4,False
Madeira ?,Unknown,CMA,2,False
Malawi,Unknown,MET,1,False
Malawi Or Tanzania,Unknown,MET,1,False
Malaysia,Unknown,CMA,3,False
Malaysia,Unknown,MET,63,False
Malaysia?,Unknown,MET,1,False
Mali,Unknown,CMA,29,False
Mali,Unknown,MET,377,False
Mali Or Côte D'Ivoire,Unknown,MET,2,False
Mali Or Ghana,Unknown,MET,1,False
Mali Or Niger,Unknown,MET,6,False
"Mali, Guinea, Guinea-Bissau Or The Senegambia",Unknown,MET,5,False
Malian,Unknown,NGA,4,False
Malta,Unknown,CMA,2,False
Malta,Unknown,MET,1,False
Mamluk Sultanate (Egypt Or Syria),Unknown,CMA,1,False
Mamluk Sultanate (Egypt),Unknown,CMA,1,False
Mangareva,Unknown,MET,2,False
Marquesas Islands,Unknown,MET,12,False
Marshall Islands,Unknown,MET,1,False
Martinique,Unknown,MET,2,False
Mauritania,Unknown,MET,3,False
Maya,Unknown,CMA,4,False
Mediterranean,Unknown,CMA,6,False
Mediterranean,Unknown,MET,1,False
Melanesia,Unknown,CMA,16,False
Merovingian,Unknown,CMA,19,False
Mesoamerica,Unknown,CMA,78,False
Mesoamerica (Or Mexico),Unknown,CMA,1,False
Mesopotamia,Unknown,CMA,7,False
Mexican,Unknown,NGA,1,False
Mexico,Latin America & Caribbean,CMA,371,False
Mexico,Latin America & Caribbean,MET,1547,False
Mexico,Latin America & Caribbean,NGA,416,False
Mexico (?),Unknown,CMA,1,False
Mexico (?),Unknown,MET,12,False
Mexico Or Central America,Unknown,CMA,18,False
Mexico Or Guatemala,Unknown,CMA,1,False
Mexico Or Guatemala,Unknown,MET,4,False
"Mexico, Guatemala, Honduras, Or Belize",Unknown,MET,4,False
Mexico?,Unknown,MET,4,False
Modern Cast Of 39.40.39A,Unknown,MET,1,False
Modern-Day Afghanistan,Unknown,MET,1,False
Moldovan,Unknown,NGA,2,False
Mongolia,Unknown,MET,7,False
Mongolia?,Unknown,MET,1,False
Montenegro,Unknown,MET,1,False
Montenegro?  Yugoslavia (Former),Unknown,MET,1,False
Moroccan,Unknown,NGA,2,False
Morocco,Unknown,CMA,2,False
Morocco,Unknown,MET,197,False
Morocco Or Algeria,Unknown,MET,10,False
Morocco Or Southern Spain,Unknown,MET,1,False
Morocco?,Unknown,MET,1,False
Morroco,Unknown,CMA,1,False
Mosan,Unknown,CMA,14,False
Mosan (Valley Of The Meuse),Unknown,CMA,1,False
Mozambique,Unknown,MET,7,False
Mozambique Or Tanzania,Unknown,CMA,1,False
Mozambique?,Unknown,MET,1,False
Mughal India,Unknown,CMA,1092,False
Mughal India; Made For Abd Al-Rahim The Khan Khanan,Unknown,CMA,1,False
Myanmar,Unknown,MET,1,False
Myanmar (Burma),Unknown,CMA,36,False
Myanmar (Burma),Unknown,MET,1,False
Myanmar (Burma) Or Thailand,Unknown,MET,1,False
Myanmar (Burmah) Or Thai,Unknown,MET,1,False
Myanmar (Formerly Burma),Unknown,MET,60,False
Myanmar Or Thailand,Unknown,CMA,1,False
Namibia,Unknown,MET,1,False
Namibian,Unknown,NGA,1,False
Native North America,Unknown,CMA,44,False
Native North American,Unknown,CMA,2,False
Nauru,Unknown,MET,18,False
Neo-Assyrian (911–609 Bce),Unknown,CMA,1,False
Nepal,Unknown,CMA,77,False
Nepal,Unknown,MET,14,False
Nepal And India,Unknown,MET,1,False
Nepal?,Unknown,MET,1,False
Nepalese (?),Unknown,NGA,13,False
Netherland,Unknown,CMA,1,False
Netherlands,Europe,CMA,1050,False
Netherlands,Europe,MET,101,False
Netherlands,Europe,NGA,5093,False
Netherlands (?),Unknown,CMA,1,False
Netherlands (Holland),Unknown,CMA,1,False
Netherlands (Woven),Unknown,MET,4,False
Netherlands Or Belgium,Unknown,MET,1,False
Netherlands Or Flanders,Unknown,CMA,1,False
Netherlands Or France,Unknown,MET,1,False
Netherlands Or Germany,Unknown,CMA,2,False
Netherlands Or Northern France,Unknown,CMA,3,False
Netherlands(?),Unknown,CMA,4,False
Netherlands?,Unknown,MET,1,False
Netherlandss,Unknown,CMA,1,False
New Caledonia,Unknown,MET,24,False
New Guinea,Unknown,CMA,2,False
New Guinea,Unknown,MET,12,False
New Guinea (Phillipine?),Unknown,MET,1,False
New Spain (Mexico),Unknown,MET,1,False
New Zealand,Unknown,MET,31,False
New Zealand?,Unknown,MET,1,False
New Zealander,Unknown,NGA,2,False
Ngombe,Unknown,CMA,1,False
Nicaragua,Unknown,MET,5,False
Nicaraguan,Unknown,NGA,1,False
Nicomedia,Unknown,MET,1,False
Niederbreisig,Unknown,MET,6,False
Niger,Unknown,MET,13,False
Nigeria,Sub-Saharan Africa,CMA,17,False
Nigeria,Sub-Saharan Africa,MET,637,False
Nigeria (?),Unknown,MET,6,False
Nigeria (Made In England),Unknown,MET,1,False
Nigeria (Made In Western Europe),Unknown,MET,1,False
Nigeria Or Benin,Unknown,MET,1,False
Nigeria Or Cameroon,Unknown,MET,2,False
Nigeria Or Chad,Unknown,MET,1,False
Nigeria Or Congo,Unknown,MET,1,False
Nigeria Or Niger,Unknown,MET,1,False
"Nigeria, Ghana Or Sierra Leone",Unknown,MET,1,False
Nigeria?,Unknown,MET,3,False
Nigerian,Unknown,NGA,1,False
Norfolk Island,Unknown,MET,7,False
North Africa,Unknown,CMA,8,False
North Africa,Unknown,MET,1,False
North Africa (Box),Unknown,MET,1,False
North America,Unknown,MET,2,False
North China,Unknown,CMA,7,False
North Coast Of Peru,Unknown,CMA,2,False
North France,Unknown,MET,5,False
North France Or South Netherlands,Unknown,MET,2,False
North Germany,Unknown,CMA,5,False
North India,Unknown,CMA,1,False
North India,Unknown,MET,1,False
North India Or Deccan,Unknown,MET,1,False
North Italy,Unknown,CMA,58,False
North Korea,Unknown,CMA,2,False
North Netherland,Unknown,MET,1,False
North Netherlands,Unknown,CMA,5,False
North Netherlands,Unknown,MET,9,False
North Or Central China,Unknown,CMA,1,False
North Or Central Syria,Unknown,MET,1,False
North Syria,Unknown,CMA,1,False
Northeast China,Unknown,CMA,8,False
Northeast France Or Flanders,Unknown,CMA,1,False
Northeast India,Unknown,CMA,5,False
Northeast Iran,Unknown,CMA,1,False
Northeast Italy,Unknown,MET,1,False
Northeast Ohio,Unknown,CMA,2,False
Northeast Woodlands,Unknown,CMA,7,False
Northeastern Europe,Unknown,CMA,1,False
Northeastern France,Unknown,CMA,7,False
Northeastern France Or Flanders,Unknown,CMA,1,False
Northeastern France Or The Burgundian Netherlands,Unknown,CMA,1,False
Northeastern India,Unknown,CMA,5,False
Northeastern Iran,Unknown,MET,2,False
Northeastern Thailand,Unknown,CMA,3,False
Northeastern Woodlands,Unknown,CMA,2,False
Northwest China,Unknown,CMA,5,False
Northwest Coast,Unknown,CMA,36,False
Northwest Honduras,Unknown,CMA,1,False
Northwest India,Unknown,CMA,1,False
Northwest India Or Kashmir,Unknown,CMA,2,False
Northwest Iran,Unknown,CMA,3,False
Northwest Iran,Unknown,MET,14,False
Northwest Turkey,Unknown,MET,1,False
Northwestern India,Unknown,CMA,117,False
Northwestern India,Unknown,MET,1,False
Northwestern Iran,Unknown,MET,18,False
Northwestern Iran Or Azerbaijan,Unknown,MET,9,False
Northwestern Iran Or Baghdad,Unknown,MET,10,False
Northwestern Iran Or Caucasus,Unknown,MET,3,False
Northwestern Iran Or Kurdistan,Unknown,MET,2,False
Northwestern Iran Or Transcaucasia,Unknown,MET,1,False
Northwestern Iran Or Turkey,Unknown,MET,1,False
"Northwestern Iran, Probably",Unknown,MET,1,False
Norway,Unknown,CMA,20,False
Norway,Unknown,MET,17,False
Norway Or Sweden,Unknown,MET,1,False
Norway?,Unknown,MET,1,False
Norwegian,Unknown,NGA,335,False
Nothern Spain Or Southern France,Unknown,MET,1,False
Nubia (Sudan),Unknown,MET,90,False
Oceania,Unknown,CMA,11,False
Oman,Unknown,CMA,1,False
Or Central India,Unknown,MET,1,False
Or Western India,Unknown,MET,1,False
Ostrogothic,Unknown,CMA,5,False
Ostrogothic(?),Unknown,CMA,1,False
Ostrogothic?,Unknown,CMA,2,False
Ottoman Turkey,Unknown,CMA,1,False
Ottonian,Unknown,CMA,1,False
Pacific Islands,Unknown,CMA,3,False
Paduan,Unknown,NGA,1,False
Pakistan,Unknown,CMA,35,False
Pakistan,Unknown,MET,34,False
Pakistan (?),Unknown,CMA,1,False
Palestine,Unknown,CMA,4,False
Palestine,Unknown,MET,96,False
Palestine Or Syria,Unknown,MET,1,False
Panama,Unknown,CMA,45,False
Panama,Unknown,MET,109,False
Panamanian,Unknown,NGA,1,False
Papua New Guinea,Unknown,MET,880,False
Papua New Guinea Or Indonesia,Unknown,MET,1,False
"Papua New Guinea, Prince Alexander Mountains",Unknown,MET,1,False
Papua New Guinea?,Unknown,MET,1,False
Paraguay,Unknown,MET,11,False
Parthian Empire (247 Bce–224 Ce),Unknown,CMA,37,False
Paten: Germany,Unknown,CMA,1,False
Pendant: France,Unknown,CMA,1,False
Perak,Unknown,CMA,3,False
Perhaps Syria,Unknown,MET,1,False
Persia (Iran Or Iraq),Unknown,CMA,1,False
Persia Or Turkey,Unknown,MET,1,False
Persian,Unknown,NGA,1,False
Peru,Latin America & Caribbean,CMA,317,False
Peru,Latin America & Caribbean,MET,3413,False
Peru (?),Unknown,MET,8,False
Peru Or Bolivia,Unknown,MET,2,False
Peru Or Chile,Unknown,MET,1,False
Peru Or Ecuador,Unknown,MET,2,False
Peru?,Unknown,MET,3,False
Peruvian,Unknown,NGA,3,False
Philippine Islands,Unknown,MET,1,False
Philippines,Unknown,CMA,74,False
Philippines,Unknown,MET,83,False
Philippines (?),Unknown,MET,24,False
Phoenicia,Unknown,CMA,7,False
Plains,Unknown,CMA,2,False
Plains Or Northeastern Woodlands,Unknown,CMA,1,False
Poland,Unknown,CMA,18,False
Poland,Unknown,MET,7,False
Polish,Unknown,NGA,119,False
Polynesia,Unknown,CMA,13,False
Portugal,Unknown,CMA,6,False
Portugal,Unknown,MET,17,False
Portugal?,Unknown,MET,1,False
Portuguese,Unknown,NGA,11,False
Possibly Afghanistan,Unknown,MET,1,False
Possibly Algeria Or Tunisia,Unknown,MET,1,False
Possibly Bamum Style,Unknown,CMA,1,False
Possibly Dem. Rep. Congo,Unknown,MET,1,False
Possibly Dem. Rep. Of Congo,Unknown,MET,1,False
Possibly Egypt,Unknown,MET,5,False
Possibly France,Unknown,CMA,2,False
Possibly France,Unknown,MET,1,False
Possibly From The Balkans,Unknown,MET,1,False
Possibly Gaul,Unknown,MET,1,False
Possibly German,Unknown,CMA,1,False
Possibly Germany,Unknown,MET,1,False
Possibly Greece,Unknown,MET,1,False
Possibly Guatemala,Unknown,MET,1,False
Possibly Guyana,Unknown,MET,1,False
Possibly Hungary,Unknown,CMA,9,False
Possibly Hungary,Unknown,MET,1,False
Possibly Iran,Unknown,MET,2,False
Possibly Iran Or Egypt,Unknown,MET,1,False
Possibly Italy,Unknown,CMA,1,False
Possibly Madagascar,Unknown,MET,1,False
Possibly Morocco,Unknown,MET,1,False
Possibly Northeastern France,Unknown,MET,1,False
Possibly Northern Italy,Unknown,CMA,2,False
Possibly Sarawak,Unknown,MET,1,False
Possibly Southern England,Unknown,MET,1,False
Possibly Syria,Unknown,MET,9,False
Possibly Syria Or Europe,Unknown,MET,1,False
Possibly The Republic Of Congo Or Gabon,Unknown,MET,1,False
Possibly Turkey,Unknown,MET,1,False
Pre-Columbian,Unknown,CMA,1,False
Pre-Columbian Style,Unknown,CMA,2,False
Pre-Columbian Style(?),Unknown,CMA,1,False
Prizrend,Unknown,CMA,1,False
Probably Afghanistan,Unknown,MET,2,False
Probably Algeria,Unknown,MET,12,False
Probably America,Unknown,CMA,8,False
Probably Anatolia,Unknown,CMA,1,False
Probably Babessi Or Bamessing,Unknown,CMA,1,False
Probably Balkans Or Anatolia,Unknown,MET,2,False
Probably British Isles,Unknown,MET,1,False
Probably Byzantium,Unknown,CMA,1,False
Probably Central India,Unknown,MET,5,False
Probably Central Iran,Unknown,MET,1,False
Probably Central Turkey,Unknown,MET,2,False
Probably China,Unknown,MET,1,False
Probably Cyprus Or Turkey,Unknown,MET,1,False
Probably Democratic Republic Of Congo,Unknown,MET,1,False
Probably Democratic Republic Of The Congo,Unknown,MET,1,False
Probably Egypt,Unknown,CMA,3,False
Probably Egypt,Unknown,MET,48,False
Probably Egypt Or Syria,Unknown,MET,3,False
Probably Ethiopia,Unknown,MET,1,False
Probably France,Unknown,CMA,1,False
Probably From Albania,Unknown,MET,1,False
Probably From The Balkans,Unknown,MET,1,False
Probably Gaul,Unknown,MET,1,False
Probably Georgia,Unknown,MET,2,False
Probably Germany,Unknown,MET,2,False
Probably Greece,Unknown,MET,2,False
Probably Greece Or Constantinople,Unknown,MET,1,False
Probably Greece Or Macedonia,Unknown,CMA,1,False
Probably India,Unknown,MET,6,False
Probably India Or Iran,Unknown,MET,1,False
Probably Iran,Unknown,CMA,3,False
Probably Iran,Unknown,MET,50,False
Probably Iran Or Iraq,Unknown,MET,2,False
Probably Iran Or Turkey,Unknown,MET,1,False
Probably Iraq,Unknown,MET,7,False
Probably Iraq Or Syria,Unknown,MET,1,False
Probably Italy,Unknown,CMA,1,False
Probably Italy,Unknown,MET,2,False
Probably Malacian Or South Sea Islands,Unknown,CMA,3,False
Probably Morocco,Unknown,MET,5,False
Probably North Africa,Unknown,MET,1,False
Probably Northeastern Iran,Unknown,MET,1,False
Probably Northern France,Unknown,MET,1,False
Probably Northern India,Unknown,MET,1,False
Probably Northern Italy,Unknown,MET,1,False
Probably Northwestern Iran,Unknown,MET,3,False
Probably Present-Day Israel,Unknown,MET,1,False
Probably Sierra Leone,Unknown,MET,1,False
Probably Sogdia (Present-Day Uzbekistan); China,Unknown,CMA,1,False
Probably South Africa,Unknown,MET,1,False
Probably Southeastern Europe,Unknown,CMA,3,False
Probably Southwestern Iran,Unknown,MET,1,False
Probably Spain,Unknown,MET,1,False
Probably Syria,Unknown,CMA,1,False
Probably Syria,Unknown,MET,23,False
Probably Syria Or Iraq,Unknown,MET,6,False
Probably Syria Or Northern Iraq,Unknown,MET,1,False
Probably The Netherlands,Unknown,MET,2,False
Probably Tunesia,Unknown,MET,1,False
Probably Tunesia Or Turkey,Unknown,MET,1,False
Probably Turkey,Unknown,CMA,1,False
Probably Turkey,Unknown,MET,19,False
Probably Uzbekistan,Unknown,MET,3,False
Probably West Central Turkey,Unknown,MET,3,False
Probably West-Central Turkey,Unknown,MET,1,False
Probably Western India,Unknown,MET,1,False
Probably Western Iran,Unknown,MET,3,False
Probably Western Turkey,Unknown,MET,3,False
Probably Yemen,Unknown,MET,1,False
Pueblo,Unknown,CMA,2,False
Puerto Rico,Unknown,CMA,1,False
Puerto Rico,Unknown,MET,2,False
Rance,Unknown,CMA,1,False
Rembrandt,Unknown,CMA,1,False
Republic Of  Cameroon,Unknown,MET,3,False
Republic Of Benin,Unknown,MET,119,False
Republic Of Benin (?),Unknown,MET,1,False
Republic Of Benin Or Togo,Unknown,MET,2,False
Republic Of Cameroon,Unknown,MET,13,False
Republic Of Cameroon Or Gabon?,Unknown,MET,1,False
Republic Of Cameroon?,Unknown,MET,1,False
Republic Of Congo,Unknown,MET,15,False
Republic Of Congo & Angola,Unknown,MET,1,False
Republic Of Costa Rica,Unknown,MET,3,False
Republic Of Guinea,Unknown,MET,2,False
Republic Of Guinea-Bissau,Unknown,MET,5,False
Republic Of Kiribati,Unknown,MET,3,False
Republic Of Kiribati (?),Unknown,MET,2,False
Republic Of Madagascar,Unknown,MET,1,False
Republic Of Palau,Unknown,MET,4,False
Republic Of Panamá,Unknown,CMA,50,False
Republic Of The Congo,Unknown,MET,9,False
"Republic Of The Congo Or Cabinda, Angola",Unknown,MET,1,False
Republic Of The Marshall Islands,Unknown,MET,10,False
Republic Of The Philippines,Unknown,MET,15,False
Republic Of Timor-Leste,Unknown,MET,1,False
Republic Of Venice,Unknown,CMA,1,False
Rhein,Unknown,MET,2,False
Rhenish (Cologne),Unknown,CMA,7,False
Roman,Unknown,CMA,17,False
Roman,Unknown,NGA,3,False
Roman Empire,Unknown,CMA,1,False
Romania,Unknown,CMA,2,False
Romania,Unknown,MET,1,False
Romania?,Unknown,MET,1,False
Romanian,Unknown,NGA,17,False
Rome,Unknown,MET,1,False
Russia,Unknown,CMA,628,False
Russia,Unknown,MET,91,False
Russia (Worked In France),Unknown,CMA,2,False
Russia ?,Unknown,CMA,1,False
Russia Federation,Unknown,MET,1,False
Russia Or Black Sea Region (?),Unknown,MET,1,False
Russia Or France,Unknown,CMA,1,False
Russia Or Turkey,Unknown,CMA,1,False
Russia?,Unknown,MET,3,False
Russian,Unknown,CMA,20,False
Russian,Unknown,MET,1,False
Russian,Unknown,NGA,587,False
Russian Federation,Unknown,MET,1,False
Rwanda,Unknown,MET,3,False
Rwanda Or Burundi,Unknown,MET,5,False
"S. Mali, E. Guinea Or Nw. Cote D’Ivoire",Unknown,MET,2,False
Samoa,Unknown,MET,12,False
Sarawak,Unknown,MET,3,False
Sardinia,Unknown,CMA,1,False
Sarmato-Gothic,Unknown,CMA,1,False
Sasanian,Unknown,CMA,1,False
Saudi Arabia,Unknown,MET,128,False
Saudi Arabia Or Oman,Unknown,MET,1,False
Saudi Arabia Or Yemen,Unknown,MET,1,False
Scandanavia ?,Unknown,CMA,1,False
Scandinavia,Unknown,MET,3,False
Scandinavia (?),Unknown,CMA,1,False
Scandinavia (Possibly Sweden),Unknown,MET,1,False
Scandinavia Or Austria,Unknown,MET,1,False
Scotland Or England,Unknown,MET,1,False
Scottish,Unknown,NGA,1344,False
Scuola Merletti Di Burano,Unknown,CMA,1,False
Seleucia,Unknown,CMA,2,False
Seljuk Iran,Unknown,CMA,4,False
Senegal,Unknown,MET,22,False
Senegambia,Unknown,MET,1,False
Serbia,Unknown,CMA,2,False
Serbia,Unknown,MET,4,False
Serbia (Former Yugoslavia),Unknown,MET,1,False
Serbian,Unknown,NGA,2,False
Siam,Unknown,CMA,31,False
Siam (?),Unknown,CMA,2,False
Siberia,Unknown,CMA,1,False
Sicily Or Italy,Unknown,MET,1,False
Sicily(?),Unknown,CMA,1,False
Sierra Leone,Unknown,MET,33,False
Sierra Leone Or Mali,Unknown,MET,1,False
Sierra Leone?,Unknown,MET,1,False
Silesia,Unknown,CMA,3,False
Silesia (Southwestern Poland),Unknown,CMA,3,False
Sino-Tibet,Unknown,CMA,1,False
Sino-Tibetan,Unknown,CMA,8,False
Slovak,Unknown,NGA,8,False
Slovakia,Unknown,MET,1,False
Slovenia,Unknown,MET,1,False
Slovenian,Unknown,NGA,2,False
Soghdia,Unknown,CMA,1,False
Solomon Islands,Unknown,MET,70,False
Somalia,Unknown,MET,3,False
Sothern Turkmenistan,Unknown,MET,1,False
South Africa,Unknown,CMA,6,False
South Africa,Unknown,MET,52,False
South Africa Or Kingdom Of Swaziland,Unknown,MET,1,False
South Africa Or Mozambique,Unknown,MET,1,False
South Africa Or Swaziland,Unknown,MET,2,False
South Africa Or Zimbabwe,Unknown,MET,1,False
"South Africa, Africa",Unknown,MET,1,False
South African,Unknown,CMA,1,False
South African,Unknown,NGA,35,False
South America,Unknown,CMA,2,False
South Central France,Unknown,MET,1,False
South China,Unknown,CMA,12,False
South East Asia,Unknown,CMA,3,False
South Flanders,Unknown,CMA,1,False
South France,Unknown,MET,1,False
South German,Unknown,NGA,1,False
South Germany,Unknown,CMA,22,False
South Germany Or Austria,Unknown,CMA,3,False
South Germany Or Austria (Innsbruck),Unknown,CMA,1,False
South India,Unknown,CMA,29,False
South India Or Ceylon,Unknown,CMA,1,False
South Italian,Unknown,CMA,18,False
South Italian (Campanian?),Unknown,CMA,1,False
South Italy,Unknown,CMA,7,False
South Italy,Unknown,MET,1,False
South Italy Or Sicily,Unknown,CMA,1,False
South Korea,Unknown,NGA,17,False
South Korean,Unknown,NGA,6,False
South Netherland,Unknown,MET,2,False
South Netherlandish,Unknown,MET,2,False
South Netherlandish,Unknown,NGA,1,False
South Netherlands,Unknown,CMA,10,False
South Netherlands,Unknown,MET,31,False
South Netherlands Or Flanders,Unknown,CMA,1,False
South Or Southeast Mesoamerica,Unknown,CMA,1,False
South Sea Islands,Unknown,CMA,1,False
South Sudan,Unknown,MET,1,False
Southeast Asia,Unknown,CMA,1,False
Southeast China,Unknown,CMA,1,False
Southeastern Democratic Republic Of The Congo,Unknown,MET,2,False
Southwest,Unknown,CMA,27,False
Southwest France,Unknown,CMA,4,False
Southwest Iran,Unknown,MET,1,False
Southwestern France,Unknown,CMA,1,False
Southwestern France,Unknown,MET,1,False
Southwestern India,Unknown,CMA,7,False
Southwestern Iran,Unknown,MET,1,False
Southwestern Nigeria Or Republic Of Benin,Unknown,MET,1,False
Spain,Europe,CMA,834,False
Spain,Europe,MET,424,False
Spain,Europe,NGA,954,False
Spain (?) (Setting),Unknown,MET,1,False
Spain (Catalonia),Unknown,CMA,2,False
Spain (Colonial ?),Unknown,CMA,1,False
Spain (Hispano-Flemish),Unknown,CMA,1,False
Spain (Hispano-Moresque),Unknown,CMA,3,False
Spain (Navarre ?) Or Southwest France (Pyrénées Or Roussillon ?),Unknown,CMA,1,False
Spain (Visigothic Or Byzantine),Unknown,CMA,1,False
Spain ?,Unknown,CMA,4,False
Spain And Italy,Unknown,MET,1,False
Spain Or,Unknown,MET,1,False
Spain Or France,Unknown,MET,4,False
Spain Or Italy,Unknown,CMA,1,False
"Spain Or Limoges, France",Unknown,MET,1,False
Spain Or North Africa,Unknown,MET,3,False
Spain Or Northern Italy,Unknown,CMA,1,False
Spain Or Yugoslavia,Unknown,MET,1,False
Spain: Embroidered Linen; Flanders: Bobbin Lace (Point D’Angleterre) Flounce,Unknown,CMA,1,False
Spain?,Unknown,MET,6,False
Spanish (?),Unknown,NGA,2,False
Sri Lanka,Unknown,CMA,181,False
Sri Lanka,Unknown,MET,1,False
Staffordshire,Unknown,CMA,1,False
Sudan,Unknown,CMA,4,False
Sudan,Unknown,MET,11,False
Sudan?,Unknown,MET,4,False
Sulawesi,Unknown,MET,1,False
Sulawesi (Celebes),Unknown,MET,1,False
Sultanate India,Unknown,CMA,2,False
Sumatra,Unknown,CMA,8,False
Sumatra,Unknown,MET,3,False
Sumerian,Unknown,CMA,4,False
Surinam,Unknown,MET,1,False
Suriname,Unknown,MET,8,False
Sweden,Unknown,CMA,111,False
Sweden,Unknown,MET,9,False
Swedish,Unknown,CMA,1,False
Swedish,Unknown,NGA,94,False
Swiss,Unknown,NGA,791,False
Swiss Or German,Unknown,NGA,3,False
Switzerland,Unknown,CMA,213,False
Switzerland,Unknown,MET,57,False
Switzerland (?),Unknown,MET,2,False
Switzerland And/Or France,Unknown,CMA,3,False
Switzerland Or Germany,Unknown,CMA,1,False
Switzerland?,Unknown,MET,4,False
Syria,Middle East & North Africa,CMA,48,False
Syria,Middle East & North Africa,MET,490,False
Syria (?),Unknown,CMA,1,False
Syria (?),Unknown,MET,1,False
Syria (Raqqa),Unknown,CMA,4,False
Syria ?,Unknown,CMA,1,False
Syria Or Egypt,Unknown,CMA,2,False
Syria Or Egypt,Unknown,MET,3,False
Syria Or Iran,Unknown,MET,1,False
Syria Or Iraq,Unknown,MET,2,False
Syria Or North Africa,Unknown,MET,1,False
Syria Or Palestine,Unknown,MET,3,False
Syria Or Turkey,Unknown,CMA,1,False
Syria(?),Unknown,CMA,3,False
Syria(?) Or Anatolia,Unknown,CMA,1,False
Syria?,Unknown,MET,2,False
Syria?  Saudia Arabia,Unknown,MET,1,False
Syro-Palestinian,Unknown,CMA,4,False
Syro-Palestinian(?),Unknown,CMA,1,False
Syro-Phoenicia,Unknown,CMA,1,False
Tahiti,Unknown,MET,3,False
Taiwan,Unknown,CMA,2,False
Taiwan,Unknown,MET,10,False
Taiwanese,Unknown,NGA,1,False
Tajikistan,Unknown,CMA,2,False
Tajikistan,Unknown,MET,1,False
Tanzania,Unknown,MET,31,False
Tanzania And Kenya,Unknown,MET,2,False
Tanzania Or Kenya,Unknown,MET,1,False
Tanzania Or Mozambique,Unknown,MET,1,False
Tanzania/Kenya,Unknown,MET,1,False
Thailand,Unknown,CMA,17,False
Thailand,Unknown,MET,65,False
Thailand And Myanmar (Formerly Burma),Unknown,MET,1,False
Thailand?,Unknown,MET,1,False
The Iberian Peninsula (Spain),Unknown,MET,1,False
The Netherlands,Unknown,CMA,2,False
The Netherlands,Unknown,MET,11,False
The Netherlands Or France,Unknown,CMA,1,False
Thrace,Unknown,CMA,2,False
Tibet,Unknown,CMA,46,False
Tibet,Unknown,MET,35,False
Tibet  [Or Kashmir (?)],Unknown,CMA,1,False
Tibet (Or Nepal),Unknown,CMA,1,False
Tibet ?,Unknown,CMA,1,False
Tibet(?),Unknown,CMA,5,False
Tibet/Nepal?,Unknown,MET,1,False
Tibet/North India,Unknown,MET,1,False
Timurid Iran,Unknown,CMA,1,False
Tirana,Unknown,MET,1,False
Togo,Unknown,MET,28,False
Togo Or Ghana,Unknown,MET,1,False
Togo Or Ghana (Possibly Kpandu),Unknown,MET,1,False
Tonga,Unknown,MET,10,False
Tonga Or Samoa,Unknown,MET,1,False
Transcaucasian,Unknown,CMA,3,False
Transylvanian,Unknown,CMA,1,False
Trinidad And Tobago,Unknown,MET,1,False
Tunesia,Unknown,MET,2,False
Tunisia,Unknown,MET,36,False
Turkey,Unknown,CMA,137,False
Turkey,Unknown,MET,907,False
Turkey (?),Unknown,CMA,1,False
Turkey (Iznik),Unknown,CMA,5,False
Turkey (Kutahya),Unknown,CMA,1,False
Turkey ?,Unknown,CMA,4,False
Turkey Or Azerbaijan,Unknown,MET,1,False
Turkey Or Central Asia,Unknown,MET,1,False
Turkey Or Greece,Unknown,CMA,1,False
Turkey Or Greece?,Unknown,MET,1,False
Turkey Or Iran,Unknown,MET,5,False
Turkey Or Iraq,Unknown,MET,11,False
Turkey Or The Balkans,Unknown,MET,1,False
Turkey [Cover],Unknown,MET,1,False
Turkey?,Unknown,MET,1,False
Turkey? (Old Cat. Arabia),Unknown,MET,1,False
Turkish,Unknown,NGA,15,False
Turkmenistan,Unknown,CMA,3,False
Turkmenistan,Unknown,MET,22,False
Turkmenistan Or Afghanistan,Unknown,CMA,1,False
Turkmenistan Or Iran,Unknown,MET,2,False
Turkmenistan Or Uzbekistan,Unknown,MET,1,False
Uganda,Unknown,MET,12,False
Uganda Or Democratic Republic Of Congo,Unknown,MET,1,False
Uganda Or Kenya,Unknown,MET,2,False
Uganda-Sudan,Unknown,MET,1,False
Uganda/Rwanda,Unknown,MET,1,False
Uganda/Tanzania,Unknown,MET,1,False
Uganda?,Unknown,MET,1,False
Uk,Unknown,MET,2,False
Ukraine,Unknown,MET,20,False
Ukrainian,Unknown,NGA,3,False
Unassigned,Unknown,CMA,19,False
Unassigned (European),Unknown,CMA,1,False
Unidentified,Unknown,CMA,1,False
United Arab Emirates,Unknown,CMA,1,False
United Kingdom,Europe,CMA,4426,False
United Kingdom,Europe,MET,1582,False
United Kingdom,Europe,NGA,7345,False
United Kingdom ?,Unknown,MET,1,False
United Kingdom Or France,Unknown,MET,1,False
United Kingdom Or France?,Unknown,MET,1,False
United Kingdom Or Germany,Unknown,MET,2,False
United Kingdom?,Unknown,MET,2,False
United States,North America,CMA,21939,False
United States,North America,MET,9723,False
United States,North America,NGA,76844,False
United States (?),Unknown,MET,1,False
United States Of America,Unknown,MET,15,False
United States Or Brazil,Unknown,MET,1,False
United States Or Canada,Unknown,MET,11,False
United States Or Canada: N.A.,Unknown,MET,2,False
United States Or Germany,Unknown,MET,1,False
United States Or Germany ?,Unknown,MET,1,False
United States Or Mexico,Unknown,MET,1,False
United States Or Mexico: N.A.,Unknown,MET,2,False
United States(?),Unknown,MET,1,False
United States?,Unknown,MET,11,False
Unitted States,Unknown,MET,1,False
Unknown British Photographer,Unknown,CMA,1,False
Unknown Country,Unknown,MET,5,False
Urartian,Unknown,CMA,1,False
Uruguay,Unknown,CMA,1,False
Uruguay,Unknown,MET,1,False
Uruguayan,Unknown,NGA,3,False
Uzbekistan,Unknown,CMA,18,False
Uzbekistan,Unknown,MET,141,False
Uzbekistan And Afghanistan,Unknown,MET,1,False
Uzbekistan Or Tajikistan,Unknown,MET,1,False
Uzbekistan Or Turkmenistan,Unknown,MET,1,False
Valley Of The Meuse,Unknown,CMA,1,False
Vanuatu,Unknown,MET,66,False
Veneto-Islamic,Unknown,NGA,1,False
Venezuela,Unknown,CMA,2,False
Venezuela,Unknown,MET,5,False
Venezuela:N.A.,Unknown,MET,1,False
Venezuelan,Unknown,NGA,38,False
Vietnam,Unknown,CMA,4,False
Vietnam,Unknown,MET,4,False
Vietnam (Annam),Unknown,CMA,5,False
Vietnam (Champa),Unknown,CMA,2,False
Visigothic,Unknown,CMA,3,False
Wallis And Futuna Territory,Unknown,MET,2,False
Wari (Pachacamac) Style,Unknown,CMA,2,False
Welsh,Unknown,NGA,84,False
West Asia,Unknown,CMA,1,False
West Greek/South Italian,Unknown,CMA,1,False
West India,Unknown,CMA,1,False
West Indies,Unknown,CMA,1,False
West Mexico,Unknown,CMA,6,False
West Turkey,Unknown,MET,1,False
West-Central Colombia,Unknown,CMA,1,False
Workshop Of The Cleveland Casket (Italy),Unknown,CMA,1,False
Yemen,Unknown,CMA,2,False
Yemen,Unknown,MET,18,False
Yugoslavia,Unknown,CMA,12,False
Yugoslavian,Unknown,NGA,14,False
Zambia,Unknown,MET,6,False
Zambia Or Zimbabwe,Unknown,MET,2,False
Zambia?,Unknown,MET,1,False
Zanzibar,Unknown,MET,1,False
Zimbabwe,Unknown,MET,7,False
Zimbabwe Or Mozambique,Unknown,MET,1,False
[],Unknown,CMA,364,False
Unknown origin,Unknown,CMA,127,True
Unknown origin,Unknown,MET,408954,True
Unknown origin,Unknown,NGA,795,True
